{"cameraMode":{"drawMode":0,"name":"Shaded","section":"Shading Mode"},"sceneLighting":true,"audioPlay":false,"sceneViewState":{"m_AlwaysRefresh":false,"showFog":true,"showSkybox":true,"showFlares":true,"showImageEffects":true,"showParticleSystems":true,"showVisualEffectGraphs":true,"m_FxEnabled":true},"in2DMode":false,"pivot":{"x":0.06292009353637696,"y":0.03603161871433258,"z":0.5747380256652832},"rotation":{"x":-0.0356077216565609,"y":-0.9536823034286499,"z":0.2722579538822174,"w":-0.12395776063203812},"size":4.544225215911865,"orthographic":false}